fold,seed,full_s1_macro3,k1_macro3,delta_k1_minus_s1,q8_k1_macro3,delta_q8k1_minus_s1,delta_q8k1_minus_k1
1,42,0.8905622621839008,0.9453872859999966,0.054825023816095775,0.9452944785755578,0.05473221639165704,-9.280742443873446e-05
1,1337,0.9537576736820261,0.9597623856947279,0.006004712012701807,0.9597623856947279,0.006004712012701807,0.0
1,2026,0.9219938078981602,0.9200080762505571,-0.001985731647603073,0.9200080762505571,-0.001985731647603073,0.0
2,42,0.9331568273521824,0.9436895488878079,0.010532721535625456,0.943430937783282,0.010274110431099603,-0.0002586111045258521
2,1337,0.9068602252923806,0.9161520602597896,0.00929183496740893,0.9161681338602626,0.009307908567881995,1.6073600473065497e-05
2,2026,0.9100480867138917,0.911868062547301,0.0018199758334093152,0.911966705205163,0.0019186184912712845,9.864265786196924e-05
3,42,0.9153341935610816,0.9235316987936313,0.008197505232549696,0.9236681381494604,0.008333944588378772,0.00013643935582907663
3,1337,0.9291199163664496,0.9652365938328596,0.03611667746641001,0.9652365938328596,0.03611667746641001,0.0
3,2026,0.918456967420466,0.946577134122032,0.02812016670156603,0.9475640153381599,0.029107047917693918,0.0009868812161278884
