fold,seed,s0_macro3_f1,s1_macro3_f1,delta_f1_s1_minus_s0,s0_macro3_auc,s1_macro3_auc,delta_auc_s1_minus_s0,auc_status
1,42,0.9250319309254088,0.8905622621839008,-0.03446966874150803,,,,UNAVAILABLE_NO_CONTINUOUS_SCORES
1,1337,0.927676773300797,0.9537576736820261,0.026080900381229122,,,,UNAVAILABLE_NO_CONTINUOUS_SCORES
1,2026,0.9010028355791988,0.9219938078981601,0.0209909723189613,,,,UNAVAILABLE_NO_CONTINUOUS_SCORES
2,42,0.9006313818664419,0.9331568273521825,0.032525445485740656,,,,UNAVAILABLE_NO_CONTINUOUS_SCORES
2,1337,0.9050664339412586,0.9068602252923806,0.0017937913511220094,,,,UNAVAILABLE_NO_CONTINUOUS_SCORES
2,2026,0.8783931303952365,0.9100480867138917,0.031654956318655225,,,,UNAVAILABLE_NO_CONTINUOUS_SCORES
3,42,0.9619930163058591,0.9153341935610816,-0.046658822744777506,,,,UNAVAILABLE_NO_CONTINUOUS_SCORES
3,1337,0.9428720715642722,0.9291199163664495,-0.01375215519782269,,,,UNAVAILABLE_NO_CONTINUOUS_SCORES
3,2026,0.9501499786232325,0.918456967420466,-0.03169301120276646,,,,UNAVAILABLE_NO_CONTINUOUS_SCORES
