window_id,dataset,P0_zero,P1_temporal_neighbour,P2_frequency_neighbour
f1:CWRU:cwru_X109:DE:train:96000-144000,CWRU,3.30582346569111,2.5388914917162735,3.134740626940711
f1:CWRU:cwru_X111:DE:train:216000-264000,CWRU,0.6805806433202204,0.8141735530397755,1.0966160727472547
f1:CWRU:cwru_X112:DE:train:216000-264000,CWRU,0.6415214988165977,0.7544909986257258,1.0090319313742164
f1:CWRU:cwru_X189:DE:train:96000-144000,CWRU,0.6735974460499737,0.2633462231837742,0.31984324934354197
f1:CWRU:cwru_X191:DE:train:216000-264000,CWRU,0.7016318341874841,0.25331194868016876,0.2910149167947136
f1:CWRU:cwru_X192:DE:train:216000-264000,CWRU,0.6022644503652548,0.32013252340877285,0.36506651627101
f1:CWRU:cwru_X238:DE:train:96000-144000,CWRU,0.9740432384864564,1.625405330649751,1.0547022859728479
f1:CWRU:cwru_X240:DE:train:216000-264000,CWRU,1.1098616585127599,1.8650521082504208,0.9709590355092759
f1:CWRU:cwru_X241:DE:train:216000-264000,CWRU,0.893206745155226,1.554561456842172,0.9307194088961176
f1:CWRU:cwru_X250:DE:train:48000-96000,CWRU,0.6593808292464853,0.9172259983974759,0.8891839205854096
f1:CWRU:cwru_X252:DE:train:216000-264000,CWRU,1.9339784949144687,2.3284983651073756,1.764097815193018
f1:CWRU:cwru_X253:DE:train:216000-264000,CWRU,1.8599359207092518,2.0852383552793605,1.7455029283345405
f1:CWRU:cwru_X262:DE:train:48000-96000,CWRU,0.6480105728640954,0.6366355506393562,0.7226077888581292
f1:CWRU:cwru_X264:DE:train:216000-264000,CWRU,0.5436261866381673,0.5714689363675087,0.4908273557208583
f1:CWRU:cwru_X265:DE:train:216000-264000,CWRU,0.5596604714476939,0.537783775297868,0.49926350298722033
f1:HIT:hit_data1_rec00:ch3:train:175000-200000,HIT,0.9229665941490003,1.1286264364826584,1.6061933079837798
f1:HIT:hit_data1_rec25:ch3:train:175000-200000,HIT,0.8614610184636745,1.1261488536619173,1.5685467507432698
f1:HIT:hit_data2_rec24:ch3:train:175000-200000,HIT,1.2638702824309511,1.4822852142849514,1.9121059867460255
f1:HIT:hit_data3_rec00:ch3:train:175000-200000,HIT,1.3384120483381923,0.5478298733001871,1.2792202494625151
f1:HIT:hit_data4_rec00:ch3:train:175000-200000,HIT,0.7742340930978915,1.0389178714653264,1.3810039703067838
f1:HIT:hit_data4_rec27:ch3:train:175000-200000,HIT,0.8053198395825921,1.186742509707172,1.5032310614125035
f1:HIT:hit_data5_rec00:ch3:train:175000-200000,HIT,1.1552272015570837,0.7956423558094028,1.3785735023162877
f1:HIT:hit_data5_rec14:ch3:train:175000-200000,HIT,0.890581697591723,1.1451359044661742,1.664169927203906
f1:HIT:hit_data5_rec23:ch3:train:175000-200000,HIT,0.9750094576295983,1.3252074510383243,1.7977670055136983
f1:JNU:jnu_ib1000_2:B:acc_vertical:train:125100-175100,JNU,1.8368776847871928,2.241375223922928,1.3140836224376864
f1:JNU:jnu_ib600_2:B:acc_vertical:train:125100-175100,JNU,0.8170793067505773,1.1175224899778622,0.6986944063359087
f1:JNU:jnu_ib800_2:B:acc_vertical:train:125100-175100,JNU,1.1808934120094807,1.7458304708322867,1.083307660259345
f1:JNU:jnu_n1000_3_2:B:acc_vertical:train:425300-475300,JNU,0.6652718281489355,1.0060315829775544,1.0345469566584549
f1:JNU:jnu_n600_3_2:B:acc_vertical:train:425300-475300,JNU,0.8398831828088004,0.462569760978202,0.44666283308935567
f1:JNU:jnu_n800_3_2:B:acc_vertical:train:425300-475300,JNU,0.4508510423082736,0.7784416105280006,0.7739071796314009
f1:JNU:jnu_ob1000_2:B:acc_vertical:train:125100-175100,JNU,2.999245322341396,2.2836875924147577,1.0489504919092194
f1:JNU:jnu_ob600_2:B:acc_vertical:train:125100-175100,JNU,1.2101847729447446,1.876760543661112,0.6804480454037086
f1:JNU:jnu_ob800_2:B:acc_vertical:train:125100-175100,JNU,2.461222813786326,0.894913483304735,0.9094183531273313
f1:JNU:jnu_tb1000_2:B:acc_vertical:train:125100-175100,JNU,2.7765459814816142,3.0649565371438268,1.2575574289849942
f1:JNU:jnu_tb600_2:B:acc_vertical:train:125100-175100,JNU,1.0720213304355337,1.6181560568472,0.6124557788007178
f1:JNU:jnu_tb800_2:B:acc_vertical:train:125100-175100,JNU,1.1178880015150847,2.1696188761683937,0.7141245807093354
f1:MAFAULDA:mafaulda_horizontal-misalignment_0.5mm_12.288:col3_underhang_radial:train:100000-150000,MAFAULDA,1.0771477408235253,0.5248629645164247,0.764129340009744
f1:MAFAULDA:mafaulda_horizontal-misalignment_0.5mm_62.0544:col3_underhang_radial:train:100000-150000,MAFAULDA,0.5246615863543078,0.8268485908814057,0.9717117371852646
f1:MAFAULDA:mafaulda_horizontal-misalignment_1.5mm_61.44:col3_underhang_radial:train:100000-150000,MAFAULDA,0.9030408217639727,0.9537088129972234,1.2120803223850505
f1:MAFAULDA:mafaulda_imbalance_15g_13.312:col3_underhang_radial:train:100000-150000,MAFAULDA,0.7880981451635379,0.6121703605195942,0.6781075598759229
f1:MAFAULDA:mafaulda_imbalance_30g_34.816:col3_underhang_radial:train:100000-150000,MAFAULDA,0.5667965036809154,0.9511625105039945,0.7936124026886077
f1:MAFAULDA:mafaulda_imbalance_6g_62.0544:col3_underhang_radial:train:100000-150000,MAFAULDA,0.6352839144137885,0.9665589193000477,1.0632108732289975
f1:MAFAULDA:mafaulda_normal_13.1072:col3_underhang_radial:train:100000-150000,MAFAULDA,0.8252708520296429,0.548047289811367,0.6233363721732068
f1:MAFAULDA:mafaulda_normal_36.4544:col3_underhang_radial:train:100000-150000,MAFAULDA,0.5467778988794718,0.7507738310821375,0.8024213482846093
f1:MAFAULDA:mafaulda_normal_61.44:col3_underhang_radial:train:100000-150000,MAFAULDA,0.5711971747216017,0.8837896866944724,1.0249809077562848
f1:MAFAULDA:mafaulda_overhang_ball_fault_35g_12.288:col3_underhang_radial:train:100000-150000,MAFAULDA,1.19265296341334,0.7915830890798363,1.0658781139869447
f1:MAFAULDA:mafaulda_overhang_ball_fault_6g_24.7808:col3_underhang_radial:train:100000-150000,MAFAULDA,3.0856451407254184,1.1793773790550965,1.5647716700286098
f1:MAFAULDA:mafaulda_overhang_ball_fault_6g_55.296:col3_underhang_radial:train:100000-150000,MAFAULDA,23.406584747605,3.484723962822745,4.350013994505887
f1:MAFAULDA:mafaulda_overhang_cage_fault_20g_13.7216:col3_underhang_radial:train:100000-150000,MAFAULDA,1.2179544326769116,0.34340704424703805,0.38579311420080475
f1:MAFAULDA:mafaulda_overhang_cage_fault_20g_58.368:col3_underhang_radial:train:100000-150000,MAFAULDA,1.273118201356914,1.0661841470605986,1.2556977786893349
f1:MAFAULDA:mafaulda_overhang_cage_fault_35g_54.0672:col3_underhang_radial:train:100000-150000,MAFAULDA,1.364792886102614,1.1635615111729214,1.4401738125277503
f1:MAFAULDA:mafaulda_overhang_outer_race_35g_13.7216:col3_underhang_radial:train:100000-150000,MAFAULDA,1.0413931808529229,0.4167168084815488,0.4332587934243294
f1:MAFAULDA:mafaulda_overhang_outer_race_6g_17.6128:col3_underhang_radial:train:100000-150000,MAFAULDA,1.004411448723884,0.4073958727242476,0.4379855465805873
f1:MAFAULDA:mafaulda_overhang_outer_race_6g_61.8496:col3_underhang_radial:train:100000-150000,MAFAULDA,1.0498564892581377,1.0357370942471313,1.209024775193548
f1:MAFAULDA:mafaulda_underhang_ball_fault_0g_13.1072:col3_underhang_radial:train:100000-150000,MAFAULDA,0.7398457272685147,0.6199292950801774,0.7251389346124532
f1:MAFAULDA:mafaulda_underhang_ball_fault_0g_56.5248:col3_underhang_radial:train:100000-150000,MAFAULDA,1.9070529363057949,1.162332615154167,1.3867848941670669
f1:MAFAULDA:mafaulda_underhang_ball_fault_35g_50.7904:col3_underhang_radial:train:100000-150000,MAFAULDA,4.165997796817462,1.528790350165877,1.8158524961711642
f1:MAFAULDA:mafaulda_underhang_cage_fault_35g_13.312:col3_underhang_radial:train:100000-150000,MAFAULDA,0.7781600062773433,0.5615261286839366,0.6188248801508902
f1:MAFAULDA:mafaulda_underhang_cage_fault_6g_16.1792:col3_underhang_radial:train:100000-150000,MAFAULDA,0.7680363276037522,0.5254522586218485,0.5521081908940246
f1:MAFAULDA:mafaulda_underhang_cage_fault_6g_62.0544:col3_underhang_radial:train:100000-150000,MAFAULDA,0.9395421734867757,1.037238290611461,1.1194165314361213
f1:MAFAULDA:mafaulda_underhang_outer_race_0g_13.5168:col3_underhang_radial:train:100000-150000,MAFAULDA,0.8165290210152084,0.43522548097680663,0.563283838970418
f1:MAFAULDA:mafaulda_underhang_outer_race_20g_12.9024:col3_underhang_radial:train:100000-150000,MAFAULDA,0.7980806535603767,0.48217099205129765,0.6012103426760763
f1:MAFAULDA:mafaulda_underhang_outer_race_20g_61.44:col3_underhang_radial:train:100000-150000,MAFAULDA,0.821606455189019,0.8976072290339705,0.9981677114395471
f1:MAFAULDA:mafaulda_vertical-misalignment_0.51mm_12.4928:col3_underhang_radial:train:100000-150000,MAFAULDA,0.8545535377284501,0.6061350795350545,0.6501703073491891
f1:MAFAULDA:mafaulda_vertical-misalignment_0.63mm_61.8496:col3_underhang_radial:train:100000-150000,MAFAULDA,0.8466875490016572,0.9856355071359171,1.1334211017511429
f1:MAFAULDA:mafaulda_vertical-misalignment_1.78mm_62.0544:col3_underhang_radial:train:100000-150000,MAFAULDA,1.033787388469957,1.055683594080691,1.221344471838254
