file,sha256
representation_spec.yaml,1b2dff31c071d30db6380663fbbd4d6a1db08f41f2f1df382e0aee088a7deb47
normalizer_registry.csv,029ea9d0f7767967988924cc744262f1321dff2a1b8485c939119837b6070d8c
normalizers/fold_1/cwru.npz,263a8b050198a9dbfdd5a4bbbc4acc50264166ba2f0210e0d8ca5f1edb0fdc38
normalizers/fold_1/hit.npz,7951f85674c2c9ba3bee445a11b3a5f98ed53b53106c0d567592069c3ad72b42
normalizers/fold_1/jnu.npz,49f0fd6f7f3c6a113b82d1562aa7d54ec697c980ee003b9d6a6490ed33d71ec8
normalizers/fold_1/mafaulda.npz,df71ebc44067f027bb17465b337229d37df734d40ba9a51ad52a9ff4045d5a25
normalizers/fold_2/cwru.npz,9c511ef5eb2515fb5ffb55b04803844e0de3136e55b86777244f6dc01cc7f3ca
normalizers/fold_2/hit.npz,8b6af05da16bcfeb72bf736bcf1308934c1ffd746b52b70211623aaf14b9ec9d
normalizers/fold_2/jnu.npz,d315a6546c25a13138cba4ab3e8ccf5de9df29a96ea4d03812220cdece0a8bb4
normalizers/fold_2/mafaulda.npz,ac80dfa2a6579d7da7b8e49783fce720541166537d35d1c111a4a67cc33f31b6
normalizers/fold_3/cwru.npz,985c3f530a7fa12427dd7e75c56a4be556defa1e554f96eee25e8c9f05cf5a11
normalizers/fold_3/hit.npz,af82fe5ce6c5ae6d2e249c8f29321b0f5360c29009468963b7d80a1011abe94b
normalizers/fold_3/jnu.npz,acf36bb09ae8564e14b2028c21eea1bf354b3b8c5cd7da19d17f07e1d97c9d51
normalizers/fold_3/mafaulda.npz,0bf84710fd748ccffdf9aca61f89abf2c2d35f2b61b85359b3fc86d55009775c
PART4C_MASTER_REPRESENTATION_HASH,ee9414e8988c36b8a1ecad7d2622a54439a4bcc180a6a4e6a50b2f256160064f
