fold,seed,file,sha256
1,42,label_subsets/label_subset_f1_s42.csv,d432adda4f2083c46331cb9a933d304b0e71416e157dff72acd45483ff90c1c2
1,1337,label_subsets/label_subset_f1_s1337.csv,005f4cb9afb8cbee1f6417386e5fb44a3e889315ca3180791c5b48e632a8c788
1,2026,label_subsets/label_subset_f1_s2026.csv,17a99b173d5a4a6e052458d9baf9935bfe9f07b3787253116fb2590e85a77cd2
2,42,label_subsets/label_subset_f2_s42.csv,fe85813bc024676f2e563e2932bb106da12cbcbdab6f7d9d284ea7326be7a347
2,1337,label_subsets/label_subset_f2_s1337.csv,cecd82b11db727d9b1bb650c5b5d87402d65ba1145d34a9750f6e7ba3290af87
2,2026,label_subsets/label_subset_f2_s2026.csv,813416650d111eda72dacc639cad9385466dc3b80cf9021e3b60e268d2c74b51
3,42,label_subsets/label_subset_f3_s42.csv,07e1845ceb98a8391656303eea1fc48ed01c44f9fd8122def7a51b503967441b
3,1337,label_subsets/label_subset_f3_s1337.csv,23fa7b919348617288526f75bb4335a503fdf246fccb4e2bd7ddaa100bc33aaa
3,2026,label_subsets/label_subset_f3_s2026.csv,98662a6ae9501f3e61f2be224ddb2c97feb876c414d40ac283f35761a0216c60
