window_id,dataset,class,strategy,post_mean,post_std,peak_contrast_pre,peak_contrast_post,freq_profile_corr_pre_post,temporal_profile_corr_pre_post,n1_window_floored
f1:CWRU:cwru_X109:DE:train:96000-144000,CWRU,IR007,N1,-0.0,1.0,3.326,3.326,1.0,1.0,False
f1:CWRU:cwru_X109:DE:train:96000-144000,CWRU,IR007,N2,1.1488,1.2851,3.326,3.197,0.0976,0.8146,
f1:CWRU:cwru_X111:DE:train:216000-264000,CWRU,IR007,N1,-0.0,1.0,3.562,3.562,1.0,1.0,False
f1:CWRU:cwru_X111:DE:train:216000-264000,CWRU,IR007,N2,0.0833,0.7677,3.562,2.781,0.3412,0.6966,
f1:CWRU:cwru_X112:DE:train:216000-264000,CWRU,IR007,N1,0.0,1.0,3.594,3.594,1.0,1.0,False
f1:CWRU:cwru_X112:DE:train:216000-264000,CWRU,IR007,N2,0.0576,0.7629,3.594,2.69,0.3578,0.6372,
f1:CWRU:cwru_X189:DE:train:96000-144000,CWRU,B014,N1,0.0,1.0,4.545,4.545,1.0,1.0,False
f1:CWRU:cwru_X189:DE:train:96000-144000,CWRU,B014,N2,-0.7053,0.4498,4.545,3.081,-0.0801,0.9594,
f1:CWRU:cwru_X191:DE:train:216000-264000,CWRU,B014,N1,0.0,1.0,4.596,4.596,1.0,1.0,False
f1:CWRU:cwru_X191:DE:train:216000-264000,CWRU,B014,N2,-0.7266,0.4573,4.596,3.3,-0.2019,0.9587,
f1:CWRU:cwru_X192:DE:train:216000-264000,CWRU,B014,N1,-0.0,1.0,4.478,4.478,1.0,1.0,False
f1:CWRU:cwru_X192:DE:train:216000-264000,CWRU,B014,N2,-0.6308,0.4839,4.478,3.359,-0.0348,0.9322,
f1:CWRU:cwru_X238:DE:train:96000-144000,CWRU,OR021@6,N1,0.0,1.0,4.238,4.238,1.0,1.0,False
f1:CWRU:cwru_X238:DE:train:96000-144000,CWRU,OR021@6,N2,0.1474,0.971,4.238,3.519,0.2835,0.9656,
f1:CWRU:cwru_X240:DE:train:216000-264000,CWRU,OR021@6,N1,0.0,1.0,4.26,4.26,1.0,1.0,False
f1:CWRU:cwru_X240:DE:train:216000-264000,CWRU,OR021@6,N2,0.1271,1.0393,4.26,3.769,0.1906,0.932,
f1:CWRU:cwru_X241:DE:train:216000-264000,CWRU,OR021@6,N1,0.0,1.0,4.239,4.239,1.0,1.0,False
f1:CWRU:cwru_X241:DE:train:216000-264000,CWRU,OR021@6,N2,0.0533,0.9217,4.239,3.487,0.2535,0.9284,
f1:CWRU:cwru_X250:DE:train:48000-96000,CWRU,OR021@3,N1,0.0,1.0,3.903,3.903,1.0,1.0,False
f1:CWRU:cwru_X250:DE:train:48000-96000,CWRU,OR021@3,N2,0.0051,0.8343,3.903,3.108,0.3521,0.9871,
f1:CWRU:cwru_X252:DE:train:216000-264000,CWRU,OR021@3,N1,-0.0,1.0,3.815,3.815,1.0,1.0,False
f1:CWRU:cwru_X252:DE:train:216000-264000,CWRU,OR021@3,N2,0.7215,1.2577,3.815,3.503,0.0654,0.9864,
f1:CWRU:cwru_X253:DE:train:216000-264000,CWRU,OR021@3,N1,-0.0,1.0,3.774,3.774,1.0,1.0,False
f1:CWRU:cwru_X253:DE:train:216000-264000,CWRU,OR021@3,N2,0.7673,1.2111,3.774,3.36,0.03,0.9697,
f1:CWRU:cwru_X262:DE:train:48000-96000,CWRU,OR021@12,N1,0.0,1.0,4.512,4.512,1.0,1.0,False
f1:CWRU:cwru_X262:DE:train:48000-96000,CWRU,OR021@12,N2,-0.3882,0.6756,4.512,4.051,0.2931,0.9437,
f1:CWRU:cwru_X264:DE:train:216000-264000,CWRU,OR021@12,N1,0.0,1.0,4.481,4.481,1.0,1.0,False
f1:CWRU:cwru_X264:DE:train:216000-264000,CWRU,OR021@12,N2,-0.4232,0.6191,4.481,3.709,0.213,0.9333,
f1:CWRU:cwru_X265:DE:train:216000-264000,CWRU,OR021@12,N1,-0.0,1.0,4.432,4.432,1.0,1.0,False
f1:CWRU:cwru_X265:DE:train:216000-264000,CWRU,OR021@12,N2,-0.4464,0.6037,4.432,3.706,0.1757,0.9242,
f1:HIT:hit_data1_rec00:ch3:train:175000-200000,HIT,0,N1,-0.0,1.0,3.36,3.36,1.0,1.0,False
f1:HIT:hit_data1_rec00:ch3:train:175000-200000,HIT,0,N2,-0.1042,0.9523,3.36,2.665,0.6815,0.9402,
f1:HIT:hit_data1_rec25:ch3:train:175000-200000,HIT,0,N1,-0.0,1.0,3.381,3.381,1.0,1.0,False
f1:HIT:hit_data1_rec25:ch3:train:175000-200000,HIT,0,N2,-0.0705,0.9147,3.381,2.704,0.6503,0.9351,
f1:HIT:hit_data2_rec24:ch3:train:175000-200000,HIT,0,N1,0.0,1.0,3.565,3.565,1.0,1.0,False
f1:HIT:hit_data2_rec24:ch3:train:175000-200000,HIT,0,N2,0.2923,1.0691,3.565,2.358,0.2936,0.9713,
f1:HIT:hit_data3_rec00:ch3:train:175000-200000,HIT,1,N1,0.0,1.0,3.718,3.718,1.0,1.0,False
f1:HIT:hit_data3_rec00:ch3:train:175000-200000,HIT,1,N2,-0.6934,0.925,3.718,3.546,0.9046,0.9685,
f1:HIT:hit_data4_rec00:ch3:train:175000-200000,HIT,1,N1,0.0,1.0,3.273,3.273,1.0,1.0,False
f1:HIT:hit_data4_rec00:ch3:train:175000-200000,HIT,1,N2,-0.121,0.8862,3.273,2.692,0.6495,0.9576,
f1:HIT:hit_data4_rec27:ch3:train:175000-200000,HIT,1,N1,-0.0,1.0,3.652,3.652,1.0,1.0,False
f1:HIT:hit_data4_rec27:ch3:train:175000-200000,HIT,1,N2,-0.0338,0.9002,3.652,2.57,0.4413,0.9441,
f1:HIT:hit_data5_rec00:ch3:train:175000-200000,HIT,2,N1,-0.0,1.0,2.926,2.926,1.0,1.0,False
f1:HIT:hit_data5_rec00:ch3:train:175000-200000,HIT,2,N2,-0.322,1.0155,2.926,2.901,0.8969,0.9669,
f1:HIT:hit_data5_rec14:ch3:train:175000-200000,HIT,2,N1,-0.0,1.0,3.512,3.512,1.0,1.0,False
f1:HIT:hit_data5_rec14:ch3:train:175000-200000,HIT,2,N2,0.0854,0.9519,3.512,2.512,0.5996,0.9595,
f1:HIT:hit_data5_rec23:ch3:train:175000-200000,HIT,2,N1,-0.0,1.0,3.866,3.866,1.0,1.0,False
f1:HIT:hit_data5_rec23:ch3:train:175000-200000,HIT,2,N2,0.2028,0.9692,3.866,2.434,0.4479,0.9404,
f1:JNU:jnu_ib1000_2:B:acc_vertical:train:125100-175100,JNU,ib,N1,0.0,1.0,2.819,2.819,1.0,1.0,False
f1:JNU:jnu_ib1000_2:B:acc_vertical:train:125100-175100,JNU,ib,N2,0.6055,1.0267,2.819,2.649,0.0601,0.9993,
f1:JNU:jnu_ib600_2:B:acc_vertical:train:125100-175100,JNU,ib,N1,-0.0,1.0,3.497,3.497,1.0,1.0,False
f1:JNU:jnu_ib600_2:B:acc_vertical:train:125100-175100,JNU,ib,N2,-0.525,0.773,3.497,3.413,0.3118,0.9993,
f1:JNU:jnu_ib800_2:B:acc_vertical:train:125100-175100,JNU,ib,N1,-0.0,1.0,3.091,3.091,1.0,1.0,False
f1:JNU:jnu_ib800_2:B:acc_vertical:train:125100-175100,JNU,ib,N2,0.1788,0.9985,3.091,2.984,0.1196,0.9993,
f1:JNU:jnu_n1000_3_2:B:acc_vertical:train:425300-475300,JNU,n,N1,0.0,1.0,2.632,2.632,1.0,1.0,False
f1:JNU:jnu_n1000_3_2:B:acc_vertical:train:425300-475300,JNU,n,N2,0.1842,0.7396,2.632,2.268,0.212,0.995,
f1:JNU:jnu_n600_3_2:B:acc_vertical:train:425300-475300,JNU,n,N1,-0.0,1.0,3.448,3.448,1.0,1.0,False
f1:JNU:jnu_n600_3_2:B:acc_vertical:train:425300-475300,JNU,n,N2,-0.8367,0.5251,3.448,3.023,0.4718,0.9985,
f1:JNU:jnu_n800_3_2:B:acc_vertical:train:425300-475300,JNU,n,N1,-0.0,1.0,2.763,2.763,1.0,1.0,False
f1:JNU:jnu_n800_3_2:B:acc_vertical:train:425300-475300,JNU,n,N2,-0.2398,0.6275,2.763,2.206,0.4598,0.9931,
f1:JNU:jnu_ob1000_2:B:acc_vertical:train:125100-175100,JNU,ob,N1,-0.0,1.0,1.888,1.888,1.0,1.0,False
f1:JNU:jnu_ob1000_2:B:acc_vertical:train:125100-175100,JNU,ob,N2,1.1053,1.2195,1.888,1.938,0.7439,0.9993,
f1:JNU:jnu_ob600_2:B:acc_vertical:train:125100-175100,JNU,ob,N1,-0.0,1.0,2.276,2.276,1.0,1.0,False
f1:JNU:jnu_ob600_2:B:acc_vertical:train:125100-175100,JNU,ob,N2,0.1011,1.0977,2.276,2.413,0.7217,0.9995,
f1:JNU:jnu_ob800_2:B:acc_vertical:train:125100-175100,JNU,ob,N1,-0.0,1.0,1.821,1.821,1.0,1.0,False
f1:JNU:jnu_ob800_2:B:acc_vertical:train:125100-175100,JNU,ob,N2,0.979,1.1556,1.821,1.987,0.8009,0.9988,
f1:JNU:jnu_tb1000_2:B:acc_vertical:train:125100-175100,JNU,tb,N1,0.0,1.0,2.454,2.454,1.0,1.0,False
f1:JNU:jnu_tb1000_2:B:acc_vertical:train:125100-175100,JNU,tb,N2,0.8224,1.2341,2.454,2.418,0.6538,0.9972,
f1:JNU:jnu_tb600_2:B:acc_vertical:train:125100-175100,JNU,tb,N1,0.0,1.0,3.39,3.39,1.0,1.0,False
f1:JNU:jnu_tb600_2:B:acc_vertical:train:125100-175100,JNU,tb,N2,-0.5988,0.8821,3.39,3.235,0.3731,0.9992,
f1:JNU:jnu_tb800_2:B:acc_vertical:train:125100-175100,JNU,tb,N1,-0.0,1.0,3.151,3.151,1.0,1.0,False
f1:JNU:jnu_tb800_2:B:acc_vertical:train:125100-175100,JNU,tb,N2,-0.2301,1.005,3.151,3.082,0.5215,0.9993,
f1:MAFAULDA:mafaulda_horizontal-misalignment_0.5mm_12.288:col3_underhang_radial:train:100000-150000,MAFAULDA,horizontal-misalignment,N1,0.0,1.0,4.127,4.127,1.0,1.0,False
f1:MAFAULDA:mafaulda_horizontal-misalignment_0.5mm_12.288:col3_underhang_radial:train:100000-150000,MAFAULDA,horizontal-misalignment,N2,-0.7349,0.7404,4.127,3.422,0.2416,0.9986,
f1:MAFAULDA:mafaulda_horizontal-misalignment_0.5mm_62.0544:col3_underhang_radial:train:100000-150000,MAFAULDA,horizontal-misalignment,N1,0.0,1.0,3.712,3.712,1.0,1.0,False
f1:MAFAULDA:mafaulda_horizontal-misalignment_0.5mm_62.0544:col3_underhang_radial:train:100000-150000,MAFAULDA,horizontal-misalignment,N2,0.0729,0.7203,3.712,2.154,0.2484,0.9396,
f1:MAFAULDA:mafaulda_horizontal-misalignment_1.5mm_61.44:col3_underhang_radial:train:100000-150000,MAFAULDA,horizontal-misalignment,N1,0.0,1.0,3.118,3.118,1.0,1.0,False
f1:MAFAULDA:mafaulda_horizontal-misalignment_1.5mm_61.44:col3_underhang_radial:train:100000-150000,MAFAULDA,horizontal-misalignment,N2,0.3433,0.8882,3.118,2.147,0.348,0.9467,
f1:MAFAULDA:mafaulda_imbalance_15g_13.312:col3_underhang_radial:train:100000-150000,MAFAULDA,imbalance,N1,-0.0,1.0,3.9,3.9,1.0,1.0,False
f1:MAFAULDA:mafaulda_imbalance_15g_13.312:col3_underhang_radial:train:100000-150000,MAFAULDA,imbalance,N2,-0.5137,0.7271,3.9,3.22,0.2146,0.9983,
f1:MAFAULDA:mafaulda_imbalance_30g_34.816:col3_underhang_radial:train:100000-150000,MAFAULDA,imbalance,N1,0.0,1.0,4.038,4.038,1.0,1.0,False
f1:MAFAULDA:mafaulda_imbalance_30g_34.816:col3_underhang_radial:train:100000-150000,MAFAULDA,imbalance,N2,-0.0971,0.7416,4.038,3.044,0.212,0.9835,
f1:MAFAULDA:mafaulda_imbalance_6g_62.0544:col3_underhang_radial:train:100000-150000,MAFAULDA,imbalance,N1,0.0,1.0,3.796,3.796,1.0,1.0,False
f1:MAFAULDA:mafaulda_imbalance_6g_62.0544:col3_underhang_radial:train:100000-150000,MAFAULDA,imbalance,N2,0.279,0.7519,3.796,2.201,0.2597,0.9677,
f1:MAFAULDA:mafaulda_normal_13.1072:col3_underhang_radial:train:100000-150000,MAFAULDA,normal,N1,-0.0,1.0,3.882,3.882,1.0,1.0,False
f1:MAFAULDA:mafaulda_normal_13.1072:col3_underhang_radial:train:100000-150000,MAFAULDA,normal,N2,-0.6229,0.6697,3.882,3.137,0.1705,0.9964,
f1:MAFAULDA:mafaulda_normal_36.4544:col3_underhang_radial:train:100000-150000,MAFAULDA,normal,N1,0.0,1.0,4.093,4.093,1.0,1.0,False
f1:MAFAULDA:mafaulda_normal_36.4544:col3_underhang_radial:train:100000-150000,MAFAULDA,normal,N2,-0.2287,0.6903,4.093,2.727,0.041,0.9496,
f1:MAFAULDA:mafaulda_normal_61.44:col3_underhang_radial:train:100000-150000,MAFAULDA,normal,N1,-0.0,1.0,3.942,3.942,1.0,1.0,False
f1:MAFAULDA:mafaulda_normal_61.44:col3_underhang_radial:train:100000-150000,MAFAULDA,normal,N2,0.123,0.7352,3.942,2.378,-0.0013,0.9491,
f1:MAFAULDA:mafaulda_overhang_ball_fault_35g_12.288:col3_underhang_radial:train:100000-150000,MAFAULDA,overhang/ball_fault,N1,0.0,1.0,2.911,2.911,1.0,1.0,False
f1:MAFAULDA:mafaulda_overhang_ball_fault_35g_12.288:col3_underhang_radial:train:100000-150000,MAFAULDA,overhang/ball_fault,N2,0.2834,1.0772,2.911,2.088,0.7541,0.9749,
f1:MAFAULDA:mafaulda_overhang_ball_fault_6g_24.7808:col3_underhang_radial:train:100000-150000,MAFAULDA,overhang/ball_fault,N1,0.0,1.0,2.802,2.802,1.0,1.0,False
f1:MAFAULDA:mafaulda_overhang_ball_fault_6g_24.7808:col3_underhang_radial:train:100000-150000,MAFAULDA,overhang/ball_fault,N2,1.2573,1.2506,2.802,1.946,0.6391,0.9856,
f1:MAFAULDA:mafaulda_overhang_ball_fault_6g_55.296:col3_underhang_radial:train:100000-150000,MAFAULDA,overhang/ball_fault,N1,-0.0,1.0,2.468,2.468,1.0,1.0,False
f1:MAFAULDA:mafaulda_overhang_ball_fault_6g_55.296:col3_underhang_radial:train:100000-150000,MAFAULDA,overhang/ball_fault,N2,4.4447,1.8778,2.468,2.558,-0.2475,0.9941,
f1:MAFAULDA:mafaulda_overhang_cage_fault_20g_13.7216:col3_underhang_radial:train:100000-150000,MAFAULDA,overhang/cage_fault,N1,0.0,1.0,3.966,3.966,1.0,1.0,False
f1:MAFAULDA:mafaulda_overhang_cage_fault_20g_13.7216:col3_underhang_radial:train:100000-150000,MAFAULDA,overhang/cage_fault,N2,-0.9892,0.4932,3.966,3.239,-0.0234,0.9749,
f1:MAFAULDA:mafaulda_overhang_cage_fault_20g_58.368:col3_underhang_radial:train:100000-150000,MAFAULDA,overhang/cage_fault,N1,-0.0,1.0,3.492,3.492,1.0,1.0,False
f1:MAFAULDA:mafaulda_overhang_cage_fault_20g_58.368:col3_underhang_radial:train:100000-150000,MAFAULDA,overhang/cage_fault,N2,0.5479,0.9776,3.492,1.963,0.667,0.9847,
f1:MAFAULDA:mafaulda_overhang_cage_fault_35g_54.0672:col3_underhang_radial:train:100000-150000,MAFAULDA,overhang/cage_fault,N1,0.0,1.0,3.363,3.363,1.0,1.0,False
f1:MAFAULDA:mafaulda_overhang_cage_fault_35g_54.0672:col3_underhang_radial:train:100000-150000,MAFAULDA,overhang/cage_fault,N2,0.6271,0.979,3.363,2.112,0.4985,0.9683,
f1:MAFAULDA:mafaulda_overhang_outer_race_35g_13.7216:col3_underhang_radial:train:100000-150000,MAFAULDA,overhang/outer_race,N1,0.0,1.0,4.004,4.004,1.0,1.0,False
f1:MAFAULDA:mafaulda_overhang_outer_race_35g_13.7216:col3_underhang_radial:train:100000-150000,MAFAULDA,overhang/outer_race,N2,-0.8719,0.5378,4.004,3.173,-0.0065,0.9931,
f1:MAFAULDA:mafaulda_overhang_outer_race_6g_17.6128:col3_underhang_radial:train:100000-150000,MAFAULDA,overhang/outer_race,N1,0.0,1.0,4.013,4.013,1.0,1.0,False
f1:MAFAULDA:mafaulda_overhang_outer_race_6g_17.6128:col3_underhang_radial:train:100000-150000,MAFAULDA,overhang/outer_race,N2,-0.865,0.5023,4.013,2.801,0.1173,0.9858,
f1:MAFAULDA:mafaulda_overhang_outer_race_6g_61.8496:col3_underhang_radial:train:100000-150000,MAFAULDA,overhang/outer_race,N1,0.0,1.0,3.515,3.515,1.0,1.0,False
f1:MAFAULDA:mafaulda_overhang_outer_race_6g_61.8496:col3_underhang_radial:train:100000-150000,MAFAULDA,overhang/outer_race,N2,0.4425,0.9471,3.515,1.998,0.4319,0.9738,
f1:MAFAULDA:mafaulda_underhang_ball_fault_0g_13.1072:col3_underhang_radial:train:100000-150000,MAFAULDA,underhang/ball_fault,N1,0.0,1.0,4.44,4.44,1.0,1.0,False
f1:MAFAULDA:mafaulda_underhang_ball_fault_0g_13.1072:col3_underhang_radial:train:100000-150000,MAFAULDA,underhang/ball_fault,N2,-0.4964,0.6923,4.44,3.181,0.4282,0.9902,
f1:MAFAULDA:mafaulda_underhang_ball_fault_0g_56.5248:col3_underhang_radial:train:100000-150000,MAFAULDA,underhang/ball_fault,N1,-0.0,1.0,3.385,3.385,1.0,1.0,False
f1:MAFAULDA:mafaulda_underhang_ball_fault_0g_56.5248:col3_underhang_radial:train:100000-150000,MAFAULDA,underhang/ball_fault,N2,0.9267,1.0521,3.385,2.079,0.7917,0.9494,
f1:MAFAULDA:mafaulda_underhang_ball_fault_35g_50.7904:col3_underhang_radial:train:100000-150000,MAFAULDA,underhang/ball_fault,N1,0.0,1.0,3.089,3.089,1.0,1.0,False
f1:MAFAULDA:mafaulda_underhang_ball_fault_35g_50.7904:col3_underhang_radial:train:100000-150000,MAFAULDA,underhang/ball_fault,N2,1.6402,1.2484,3.089,1.889,0.7317,0.9925,
f1:MAFAULDA:mafaulda_underhang_cage_fault_35g_13.312:col3_underhang_radial:train:100000-150000,MAFAULDA,underhang/cage_fault,N1,-0.0,1.0,3.855,3.855,1.0,1.0,False
f1:MAFAULDA:mafaulda_underhang_cage_fault_35g_13.312:col3_underhang_radial:train:100000-150000,MAFAULDA,underhang/cage_fault,N2,-0.5685,0.6699,3.855,3.254,0.1791,0.9947,
f1:MAFAULDA:mafaulda_underhang_cage_fault_6g_16.1792:col3_underhang_radial:train:100000-150000,MAFAULDA,underhang/cage_fault,N1,-0.0,1.0,3.754,3.754,1.0,1.0,False
f1:MAFAULDA:mafaulda_underhang_cage_fault_6g_16.1792:col3_underhang_radial:train:100000-150000,MAFAULDA,underhang/cage_fault,N2,-0.6178,0.6212,3.754,3.219,0.1599,0.9932,
f1:MAFAULDA:mafaulda_underhang_cage_fault_6g_62.0544:col3_underhang_radial:train:100000-150000,MAFAULDA,underhang/cage_fault,N1,0.0,1.0,3.37,3.37,1.0,1.0,False
f1:MAFAULDA:mafaulda_underhang_cage_fault_6g_62.0544:col3_underhang_radial:train:100000-150000,MAFAULDA,underhang/cage_fault,N2,0.4631,0.8487,3.37,2.061,0.5063,0.9599,
f1:MAFAULDA:mafaulda_underhang_outer_race_0g_13.5168:col3_underhang_radial:train:100000-150000,MAFAULDA,underhang/outer_race,N1,-0.0,1.0,4.026,4.026,1.0,1.0,False
f1:MAFAULDA:mafaulda_underhang_outer_race_0g_13.5168:col3_underhang_radial:train:100000-150000,MAFAULDA,underhang/outer_race,N2,-0.689,0.5806,4.026,3.375,0.3975,0.9653,
f1:MAFAULDA:mafaulda_underhang_outer_race_20g_12.9024:col3_underhang_radial:train:100000-150000,MAFAULDA,underhang/outer_race,N1,0.0,1.0,3.746,3.746,1.0,1.0,False
f1:MAFAULDA:mafaulda_underhang_outer_race_20g_12.9024:col3_underhang_radial:train:100000-150000,MAFAULDA,underhang/outer_race,N2,-0.6447,0.6123,3.746,3.438,0.3204,0.9797,
f1:MAFAULDA:mafaulda_underhang_outer_race_20g_61.44:col3_underhang_radial:train:100000-150000,MAFAULDA,underhang/outer_race,N1,-0.0,1.0,3.486,3.486,1.0,1.0,False
f1:MAFAULDA:mafaulda_underhang_outer_race_20g_61.44:col3_underhang_radial:train:100000-150000,MAFAULDA,underhang/outer_race,N2,0.3663,0.8358,3.486,1.993,0.7426,0.9617,
f1:MAFAULDA:mafaulda_vertical-misalignment_0.51mm_12.4928:col3_underhang_radial:train:100000-150000,MAFAULDA,vertical-misalignment,N1,0.0,1.0,4.173,4.173,1.0,1.0,False
f1:MAFAULDA:mafaulda_vertical-misalignment_0.51mm_12.4928:col3_underhang_radial:train:100000-150000,MAFAULDA,vertical-misalignment,N2,-0.574,0.7289,4.173,3.404,0.2228,0.9986,
f1:MAFAULDA:mafaulda_vertical-misalignment_0.63mm_61.8496:col3_underhang_radial:train:100000-150000,MAFAULDA,vertical-misalignment,N1,0.0,1.0,3.548,3.548,1.0,1.0,False
f1:MAFAULDA:mafaulda_vertical-misalignment_0.63mm_61.8496:col3_underhang_radial:train:100000-150000,MAFAULDA,vertical-misalignment,N2,0.3878,0.8332,3.548,2.145,0.2716,0.9433,
f1:MAFAULDA:mafaulda_vertical-misalignment_1.78mm_62.0544:col3_underhang_radial:train:100000-150000,MAFAULDA,vertical-misalignment,N1,0.0,1.0,3.167,3.167,1.0,1.0,False
f1:MAFAULDA:mafaulda_vertical-misalignment_1.78mm_62.0544:col3_underhang_radial:train:100000-150000,MAFAULDA,vertical-misalignment,N2,0.5329,0.8673,3.167,2.118,0.2539,0.9662,
